<?xml version="1.0" encoding="UTF-8"?>
<!DOCTYPE mapper PUBLIC "-//mybatis.org//DTD Mapper 3.0//EN" "http://mybatis.org/dtd/mybatis-3-mapper.dtd">
<mapper namespace="com.songguoliang.springboot.mapper.UserMapper">
  <resultMap id="BaseResultMap" type="com.songguoliang.springboot.entity.User">
    <!--
      WARNING - @mbg.generated
      This element is automatically generated by MyBatis Generator, do not modify.
    -->
    <result column="user_id" jdbcType="VARCHAR" property="userId" />
    <result column="login_name" jdbcType="VARCHAR" property="loginName" />
    <result column="password" jdbcType="VARCHAR" property="password" />
    <result column="user_name" jdbcType="VARCHAR" property="userName" />
    <result column="dealer_code" jdbcType="VARCHAR" property="dealerCode" />
    <result column="dealer_name" jdbcType="VARCHAR" property="dealerName" />
    <result column="folder_name" jdbcType="VARCHAR" property="folderName" />
    <result column="create_time" jdbcType="TIMESTAMP" property="createTime" />
    <result column="is_admin" jdbcType="VARCHAR" property="isAdmin" />
    <result column="sex" jdbcType="VARCHAR" property="sex" />
    <result column="ID_number" jdbcType="VARCHAR" property="idNumber" />
  </resultMap>
</mapper>